City Name,2023_Score_Max10000,2022_Score_Max7500,2020_Score_Max6000,2019_Score_5000,2018_Score,2017_Score,2016_Score
INDORE,9348.39,7146.41,5647.56,4659.0,3707.0,1808.0,1276.0
SURAT,9348.39,6924.84,5519.59,3861.0,3318.0,1762.0,1605.0
NAVI MUMBAI,9240.3,6852.91,5467.89,4129.0,3536.0,1705.0,1530.0
VISAKHAPATNAM,8879.3,6701.18,4918.44,3744.0,3547.0,1797.0,1643.0
BHOPAL,8855.2,6608.41,5066.31,3794.0,3689.0,1800.0,1336.0
VIJAYAWADA,8751.3,6699.3,5270.32,3882.0,3580.0,1624.0,1284.0
NEW DELHI (NDMC),8728.3,6550.04,5193.27,4191.0,3597.0,1708.0,1704.0
GREATER HYDERABAD,8601.3,5612.68,4047.01,3455.0,3092.0,1605.0,1355.0
PUNE,8595.2,5708.42,4477.31,3446.0,3471.0,1660.0,1533.0
RAIPUR,8540.2,5395.31,4098.72,3393.0,2904.4156626506024,1175.0,818.0
PIMPRI CHINCHWAD,8536.7,5051.48,3945.1,3228.0,2935.0,1320.0,1559.0
AHMEDABAD,8041.5,5720.87,5207.13,4137.0,3373.0,1657.0,1452.0
GWALIOR,7994.7,5204.96,4696.36,3148.0,3083.0,1545.0,1235.0
JABALPUR,7760.9,4677.88,4368.55,3667.0,3096.0,1609.0,872.0
THANE,7520.3,5308.01,4606.35,3181.0,2967.0,1206.0,1367.0
RAJKOT,7465.8,5846.0,5157.36,4000.0,3000.0,1638.0,1574.0
NASHIK,7372.2,4991.86,4729.46,3093.0,2786.0,1106.0,1232.0
VADODARA,7344.2,5285.67,4870.34,3000.0,2925.0,1703.0,1511.0
GHAZIABAD,7222.5,5387.67,4283.26,3877.0,2993.0,672.0,820.0
VARANASI,7107.1,4734.69,3684.2,3063.0,3052.0,1515.0,839.0
LUCKNOW,7009.0,5209.69,4728.28,3382.0597014925374,2904.4156626506024,860.0,1237.0
AURANGABAD,6737.8,4145.17,3729.63,3382.0597014925374,2904.4156626506024,794.0,981.0
KALYAN DOMBIVALI,6583.3,4383.47,4091.0,3013.0,2597.0,919.0,858.0
PRAYAGRAJ,6433.0,5267.06,4141.47,3382.0597014925374,2904.4156626506024,894.0,1323.0
KANPUR,6409.6,4165.43,3783.88,3113.0,2771.0,1053.0,1090.0
PATNA,6320.9,3337.28,1552.11,3382.0597014925374,2904.4156626506024,880.0,746.0
AGRA,6164.6,4441.29,4391.51,2970.0,2904.4156626506024,879.0,1081.0
NAGPUR,6163.8,4171.92,4345.06,3160.0,2835.0,1158.0,1348.0
MEERUT,5850.4,5283.65,2314.59,3382.0597014925374,2904.4156626506024,708.0,760.0
BENGALURU,5520.1,2892.98,2656.82,3382.0597014925374,2904.4156626506024,968.0,1182.0
AMRITSAR,5181.8,4069.77,2459.31,3382.0597014925374,2904.4156626506024,883.0,1062.0
RANCHI,4946.7,3068.1,3431.0,3319.0,3146.0,1204.0,874.0
VASAI VIRAR,4844.7,4306.77,3268.37,3448.0,2804.0,1142.0,1215.0
JAIPUR HERITAGE (MC),4685.5,4230.96,3757.2843506493464,3382.0597014925374,2904.4156626506024,1092.7440273037544,1190.857142857143
JAIPUR GREATER (MC),4679.6,3877.28,3660.39,3366.0,2971.0,954.0,1236.0
COIMBATORE,4496.6,2899.11,2337.12,3412.0,3292.0,1650.0,1361.0
GREATER MUMBAI,4446.2,4078.68,3106.39,3277.0,3175.0,1535.0,1534.0
CHENNAI,4313.8,2866.14,2010.93,3118.0,2586.0,916.0,1194.0
LUDHIANA,4139.8,3005.07,3113.06,3382.0597014925374,2904.4156626506024,1139.0,1222.0
DHANBAD,4060.7,3527.44,3226.31,3190.0,2848.0,1219.0,464.0
SRINAGAR,3932.4,2986.75,2905.58,3382.0597014925374,2904.4156626506024,909.0,1072.0
MADURAI,3011.2,2250.77,2255.81,3382.0597014925374,2904.4156626506024,1394.0,1245.0
FARIDABAD,2350.6,3492.94,2646.69,3382.0597014925374,2904.4156626506024,1277.0,1037.0
AMBIKAPUR,6593.857674418606,6365.01,5428.31,4394.0,3459.0,1653.0,1190.857142857143
Karad,6593.857674418606,3728.456822612087,5366.05,3382.0597014925374,2845.0,1092.7440273037544,1190.857142857143
MYSORE,6593.857674418606,6566.44,5298.61,4379.0,3540.0,1743.0,1749.0
SASVAD,6593.857674418606,5534.61,5270.26,3728.0,2886.0,1092.7440273037544,1190.857142857143
LONAVALA,6593.857674418606,5989.96,5187.78,4041.0,2960.0,1092.7440273037544,1190.857142857143
CHANDRAPUR,6593.857674418606,5217.91,5178.93,3604.0,2610.0,1315.0,1190.857142857143
KHARGONE,6593.857674418606,5053.41,5158.36,3798.0,3297.0,1639.0,1190.857142857143
NAWANSHAHR,6593.857674418606,5198.03,5145.17,3556.0,2904.4156626506024,1092.7440273037544,1190.857142857143
TIRUPATI,6593.857674418606,6583.71,5142.76,3382.0597014925374,3576.0,1704.0,1190.857142857143
JAMSHEDPUR,6593.857674418606,5559.51,5133.2,3806.0,3047.0,1092.7440273037544,827.0
PANHALA,6593.857674418606,5543.29,5120.94,3886.0,2773.0,1092.7440273037544,1190.857142857143
JEJURI,6593.857674418606,4850.35,5110.78,3249.0,2904.4156626506024,1092.7440273037544,1190.857142857143
SHIRDI,6593.857674418606,5127.72,5063.99,3382.0597014925374,3055.0,1397.0,1190.857142857143
GANDHINAGAR,6593.857674418606,5476.8,5056.72,3757.0,3096.0,1613.0,1133.0
MAUDA CT,6593.857674418606,4499.27,5033.21,3382.0597014925374,2904.4156626506024,1092.7440273037544,1190.857142857143
CHANDIGARH,6593.857674418606,6208.52,4970.07,3787.0,3649.0,1701.0,1716.0
KAGAL,6593.857674418606,5305.27,4963.07,3466.0,2904.4156626506024,1092.7440273037544,1190.857142857143
RATNAGIRI,6593.857674418606,4991.09,4961.27,3516.0,2844.0,1092.7440273037544,1190.857142857143
BRAHMAPURI,6593.857674418606,4855.93,4936.59,3382.0597014925374,2904.4156626506024,1092.7440273037544,1190.857142857143
VADGAON,6593.857674418606,5384.54,4901.25,3744.0,2904.4156626506024,1092.7440273037544,1190.857142857143
DHULE,6593.857674418606,4885.63,4896.99,2858.0,2664.0,1187.0,1190.857142857143
GADHINGLAJ,6593.857674418606,5436.57,4895.45,3481.0,2796.0,1092.7440273037544,1190.857142857143
INDAPUR,6593.857674418606,5424.12,4888.36,3752.0,2778.0,1092.7440273037544,1190.857142857143
RAJNANDGAON,6593.857674418606,4880.85,4887.5,3391.0,2807.0,1074.0,1190.857142857143
BILASPUR,6593.857674418606,5407.03,4875.74,3617.0,3136.0,1039.0,1190.857142857143
DEOLALI PRAVARA,6593.857674418606,5680.94,4849.85,3382.0597014925374,2904.4156626506024,1092.7440273037544,1190.857142857143
UJJAIN,6593.857674418606,5775.76,4826.53,4244.0,3198.0,1691.0,1190.857142857143
RAIGARH,6593.857674418606,5116.84,4808.37,3374.0,2836.0,1223.0,1190.857142857143
BURHANPUR,6593.857674418606,5004.88,4791.18,3382.0597014925374,2644.0,1156.0,1190.857142857143
RAJAPUR,6593.857674418606,5119.61,4767.52,3382.0597014925374,2752.0,1092.7440273037544,1190.857142857143
VITA,6593.857674418606,5772.55,4764.28,3970.0,2896.0,1092.7440273037544,1190.857142857143
MURGUD,6593.857674418606,5406.54,4736.62,3599.0,2904.4156626506024,1092.7440273037544,1190.857142857143
PATAN (NP),6593.857674418606,6238.97,4732.12,3382.0597014925374,2904.4156626506024,1092.7440273037544,1190.857142857143
SINGRAULI,6593.857674418606,5464.27,4703.93,3763.0,3122.0,1414.0,1190.857142857143
CHHINDWARA,6593.857674418606,5911.98,4691.03,3636.0,2944.0,1410.0,1190.857142857143
DUNGARPUR (M),6593.857674418606,5290.87,4688.46,3382.0597014925374,2904.4156626506024,1092.7440273037544,1190.857142857143
SHAHGANJ,6593.857674418606,5107.87,4672.97,3923.0,2904.4156626506024,1092.7440273037544,1190.857142857143
KARNAL,6593.857674418606,4284.23,4655.07,3736.0,2958.0,1348.0,1190.857142857143
JASHPUR NAGAR (M),6593.857674418606,5357.05,4623.17,3382.0597014925374,2904.4156626506024,1092.7440273037544,1190.857142857143
NARKHED,6593.857674418606,5413.96,4622.2,3296.0,2904.4156626506024,1092.7440273037544,1190.857142857143
AMBARNATH,6593.857674418606,3280.78,4614.04,3575.0,2904.4156626506024,1272.0,1190.857142857143
MIRA-BHAYANDAR,6593.857674418606,5967.4,4608.14,3622.0,2903.0,1172.0,1190.857142857143
PANVEL,6593.857674418606,5583.64,4599.74,2969.0,2619.0,1065.0,1190.857142857143
MATHERAN,6593.857674418606,4733.22,4599.28,3382.0597014925374,2892.0,1092.7440273037544,1190.857142857143
MALKAPUR_S,6593.857674418606,5426.45,4596.7,3231.0,2904.4156626506024,1092.7440273037544,1190.857142857143
NARHARPUR (NP),6593.857674418606,4390.6,4586.4,3382.0597014925374,2904.4156626506024,1092.7440273037544,1190.857142857143
KHANDWA,6593.857674418606,5702.29,4560.77,2908.0,2588.0,1319.0,1190.857142857143
JALNA,6593.857674418606,3365.6,4535.17,3382.0597014925374,2904.4156626506024,626.0,1190.857142857143
PITHAMPUR,6593.857674418606,5478.74,4534.9,3273.0,2796.0,1352.0,1190.857142857143
BALLARPUR,6593.857674418606,5207.35,4534.22,3382.0597014925374,2904.4156626506024,1092.7440273037544,1190.857142857143
KHED,6593.857674418606,5154.38,4511.73,3382.0597014925374,2746.0,1092.7440273037544,1190.857142857143
MUL,6593.857674418606,4393.88,4500.35,4028.0,2822.0,1092.7440273037544,1190.857142857143
MAHABALESHWAR,6593.857674418606,4919.89,4478.56,3783.0,2929.0,1092.7440273037544,1190.857142857143
MAHAD,6593.857674418606,5116.7,4458.45,3462.0,2895.0,1092.7440273037544,1190.857142857143
BADNAWAR,6593.857674418606,4880.84,4454.49,3382.0597014925374,2904.4156626506024,1092.7440273037544,1190.857142857143
TASGAON,6593.857674418606,5282.43,4447.71,3517.0,2788.0,1092.7440273037544,1190.857142857143
OMKARESHWAR,6593.857674418606,4320.24,4436.16,3382.0597014925374,2904.4156626506024,1489.0,1190.857142857143
KATNI,6593.857674418606,5219.06,4405.82,2872.0,2904.4156626506024,1092.7440273037544,1190.857142857143
NOIDA,6593.857674418606,6332.2,4403.22,3382.0597014925374,2904.4156626506024,1092.7440273037544,1190.857142857143
BHIWANDI NIZAMPUR,6593.857674418606,3551.79,4396.12,2972.0,2595.0,571.0,1190.857142857143
JAMNER,6593.857674418606,4745.49,4392.87,3382.0597014925374,2827.0,1092.7440273037544,1190.857142857143
SHIRUR,6593.857674418606,5216.59,4388.81,3140.0,2904.4156626506024,1092.7440273037544,1190.857142857143
KAWARDHA (M),6593.857674418606,5236.53,4379.51,3382.0597014925374,2904.4156626506024,1092.7440273037544,1190.857142857143
Jhansi,6593.857674418606,3728.456822612087,4365.01,3086.0,2805.0,1072.0,1190.857142857143
SANGAMNER,6593.857674418606,5617.52,4355.07,3282.0,2904.4156626506024,1092.7440273037544,1190.857142857143
JAMNAGAR,6593.857674418606,4855.86,4355.02,2996.0,2904.4156626506024,1503.0,1190.857142857143
MAHADULA,6593.857674418606,5151.83,4341.99,3382.0597014925374,2904.4156626506024,1092.7440273037544,1190.857142857143
PANCHGANI,6593.857674418606,6396.46,4317.98,3678.0,3184.0,1092.7440273037544,1190.857142857143
DEWAS,6593.857674418606,5634.37,4310.08,3968.0,2723.0,1386.0,1190.857142857143
Aligarh,6593.857674418606,3728.456822612087,4309.19,3382.0597014925374,2904.4156626506024,1117.0,1190.857142857143
VENGURLA,6593.857674418606,4983.92,4308.86,3347.0,2930.0,1092.7440273037544,1190.857142857143
RATLAM,6593.857674418606,5327.55,4298.72,3116.0,2712.0,1422.0,1190.857142857143
SHIRPUR- WARWADE,6593.857674418606,4953.14,4294.67,3316.0,2904.4156626506024,1092.7440273037544,1190.857142857143
SARAGAON (NP),6593.857674418606,4647.24,4293.21,3382.0597014925374,2904.4156626506024,1092.7440273037544,1190.857142857143
RAMTEK,6593.857674418606,3731.31,4286.59,3382.0597014925374,2904.4156626506024,1092.7440273037544,1190.857142857143
PANDHARPUR,6593.857674418606,4917.11,4281.43,3562.0,2904.4156626506024,1092.7440273037544,1190.857142857143
WADI,6593.857674418606,4929.29,4275.76,3382.0597014925374,2904.4156626506024,1092.7440273037544,1190.857142857143
DOUNDAICHA WARWADE,6593.857674418606,4653.32,4275.73,3382.0597014925374,2904.4156626506024,1092.7440273037544,1190.857142857143
KOLHAPUR,6593.857674418606,4094.29,4274.34,3803.0,2686.0,1048.0,1190.857142857143
VAIJAPUR,6593.857674418606,5442.02,4259.82,3400.0,2916.0,1092.7440273037544,1190.857142857143
PEN,6593.857674418606,5377.43,4235.64,3263.0,2904.4156626506024,1092.7440273037544,1190.857142857143
GEORAI,6593.857674418606,4151.13,4233.23,3382.0597014925374,2801.0,1092.7440273037544,1190.857142857143
TALALA,6593.857674418606,3688.47,4223.14,3382.0597014925374,2904.4156626506024,1092.7440273037544,1190.857142857143
JUNNAR,6593.857674418606,5435.85,4222.82,3609.0,2904.4156626506024,1092.7440273037544,1190.857142857143
TALEGAON DABHADE,6593.857674418606,4255.34,4218.97,3220.0,2904.4156626506024,1092.7440273037544,1190.857142857143
RAHIMATPUR,6593.857674418606,4548.25,4215.81,3440.0,2748.0,1092.7440273037544,1190.857142857143
JAGDALPUR,6593.857674418606,5156.86,4213.39,3510.0,2904.4156626506024,922.0,1190.857142857143
BHILAI NAGAR,6593.857674418606,5500.18,4212.41,3929.0,2715.0,1407.0,1190.857142857143
VARANGAON,6593.857674418606,3214.46,4198.57,3382.0597014925374,2763.0,1092.7440273037544,1190.857142857143
ROHTAK,6593.857674418606,5143.17,4180.55,3083.0,2614.0,800.0,1190.857142857143
PIPARIYA (NP),6593.857674418606,4319.99,4179.3,3382.0597014925374,2904.4156626506024,1092.7440273037544,1190.857142857143
PAITHAN,6593.857674418606,4020.79,4167.6,3382.0597014925374,2871.0,1092.7440273037544,1190.857142857143
BARAMKELA (NP),6593.857674418606,4737.22,4167.53,3382.0597014925374,2904.4156626506024,1092.7440273037544,1190.857142857143
SARIYA (NP),6593.857674418606,4197.05,4166.87,3382.0597014925374,2904.4156626506024,1092.7440273037544,1190.857142857143
SANGLI,6593.857674418606,4076.96,4163.41,3382.0597014925374,2904.4156626506024,1092.7440273037544,1190.857142857143
GANGAGHAT (NPP),6593.857674418606,2732.51,4161.12,3382.0597014925374,2904.4156626506024,1092.7440273037544,1190.857142857143
AMRAVATI,6593.857674418606,4252.57,4160.24,3382.0597014925374,2904.4156626506024,922.0,1190.857142857143
BADRAVATI,6593.857674418606,5479.15,4159.69,3382.0597014925374,2904.4156626506024,1092.7440273037544,1190.857142857143
AMALNER,6593.857674418606,5268.84,4159.42,3382.0597014925374,2904.4156626506024,1092.7440273037544,1190.857142857143
BAGASRA,6593.857674418606,2466.61,4159.25,3382.0597014925374,2904.4156626506024,1092.7440273037544,1190.857142857143
BARSHI,6593.857674418606,5655.06,4153.39,3198.0,2640.0,813.0,1190.857142857143
KANTHAPHOD,6593.857674418606,4158.61,4152.98,3382.0597014925374,2904.4156626506024,1092.7440273037544,1190.857142857143
MATHURA-Vrindavan (NN),6593.857674418606,3728.456822612087,4150.95,3382.0597014925374,2904.4156626506024,1092.7440273037544,1190.857142857143
AHMEDANAGAR,6593.857674418606,5335.3,4147.62,3382.0597014925374,2904.4156626506024,1092.7440273037544,1190.857142857143
PUSAUR (NP),6593.857674418606,4669.08,4147.2,3382.0597014925374,2904.4156626506024,1092.7440273037544,1190.857142857143
SAILU,6593.857674418606,5230.67,4145.59,3187.0,2904.4156626506024,1092.7440273037544,1190.857142857143
BASTAR (NP),6593.857674418606,5170.85,4133.97,3382.0597014925374,2904.4156626506024,1092.7440273037544,1190.857142857143
NANDURBAR,6593.857674418606,4070.77,4124.63,3382.0597014925374,2904.4156626506024,1037.0,1190.857142857143
PANDARIYA,6593.857674418606,4690.32,4111.69,3382.0597014925374,2733.0,1092.7440273037544,1190.857142857143
BISHRAMPUR (NP),6593.857674418606,5757.88,4099.33,3382.0597014925374,2904.4156626506024,1092.7440273037544,1190.857142857143
WARORA,6593.857674418606,4892.92,4092.58,3382.0597014925374,2904.4156626506024,1092.7440273037544,1190.857142857143
KOTBA (NP),6593.857674418606,3776.07,4081.38,3382.0597014925374,2904.4156626506024,1092.7440273037544,1190.857142857143
SURAJPUR (M),6593.857674418606,5155.67,4076.1,3382.0597014925374,2904.4156626506024,1092.7440273037544,1190.857142857143
HINGOLI,6593.857674418606,5139.06,4071.45,3457.0,2792.0,1092.7440273037544,1190.857142857143
MALKAPUR_K,6593.857674418606,4985.13,4068.08,3382.0597014925374,2904.4156626506024,1092.7440273037544,1190.857142857143
Bhatgaon (NP),6593.857674418606,3728.456822612087,4059.32,3382.0597014925374,2904.4156626506024,1092.7440273037544,1190.857142857143
DHAMTARI (M),6593.857674418606,4494.38,4058.35,3382.0597014925374,2904.4156626506024,1092.7440273037544,1190.857142857143
KHOPOLI,6593.857674418606,4961.88,4057.95,3471.0,2904.4156626506024,1092.7440273037544,1190.857142857143
BHAVNAGAR,6593.857674418606,4936.87,4055.6,2921.0,2904.4156626506024,1515.0,1190.857142857143
HATHOD,6593.857674418606,4927.32,4048.16,3382.0597014925374,2904.4156626506024,1092.7440273037544,1190.857142857143
Kharsia  (M),6593.857674418606,3728.456822612087,4045.97,3382.0597014925374,2904.4156626506024,1092.7440273037544,1190.857142857143
BHAGUR,6593.857674418606,4254.29,4040.74,3382.0597014925374,2771.0,1092.7440273037544,1190.857142857143
PANDATARAI (NP),6593.857674418606,4489.68,4040.69,3382.0597014925374,2904.4156626506024,1092.7440273037544,1190.857142857143
SAGAR,6593.857674418606,5699.23,4039.26,3284.0,2922.0,1603.0,1190.857142857143
BETUL,6593.857674418606,5107.18,4028.89,3382.0597014925374,2904.4156626506024,1313.0,1190.857142857143
SHAHADA,6593.857674418606,4722.58,4024.09,3382.0597014925374,2904.4156626506024,1092.7440273037544,1190.857142857143
BAGICHA (NP),6593.857674418606,4654.77,4017.29,3382.0597014925374,2904.4156626506024,1092.7440273037544,1190.857142857143
BARSUR (NP),6593.857674418606,4683.57,4011.02,3382.0597014925374,2904.4156626506024,1092.7440273037544,1190.857142857143
JARHI (NP),6593.857674418606,4622.12,4008.95,3382.0597014925374,2904.4156626506024,1092.7440273037544,1190.857142857143
KORBA,6593.857674418606,5691.31,4004.25,3111.0,2989.0,1313.0,1190.857142857143
POMBHURNA,6593.857674418606,2830.56,4000.94,3382.0597014925374,2904.4156626506024,1092.7440273037544,1190.857142857143
BADE BACHELI (M),6593.857674418606,5203.32,3997.8,3382.0597014925374,2904.4156626506024,1092.7440273037544,1190.857142857143
RAU,6593.857674418606,4395.52,3996.48,3315.0,2904.4156626506024,1092.7440273037544,1190.857142857143
CHIKHALAKASA (NP),6593.857674418606,4825.21,3990.33,3382.0597014925374,2904.4156626506024,1092.7440273037544,1190.857142857143
URAN ISLAMPUR,6593.857674418606,4563.31,3985.64,3631.0,2931.0,1092.7440273037544,1190.857142857143
DANTEWADA (NP),6593.857674418606,4179.0,3983.24,3382.0597014925374,2904.4156626506024,1092.7440273037544,1190.857142857143
ALIBAG,6593.857674418606,2874.93,3979.27,3382.0597014925374,2904.4156626506024,1092.7440273037544,1190.857142857143
KIRANDUL (M),6593.857674418606,4479.25,3978.3,3382.0597014925374,2904.4156626506024,1092.7440273037544,1190.857142857143
JHABUA,6593.857674418606,4037.77,3971.56,3382.0597014925374,2904.4156626506024,1092.7440273037544,1190.857142857143
KHULDABAD,6593.857674418606,3628.79,3967.99,3382.0597014925374,2904.4156626506024,1092.7440273037544,1190.857142857143
JAMUL (M),6593.857674418606,4289.55,3965.37,3382.0597014925374,2904.4156626506024,1092.7440273037544,1190.857142857143
HINGANA,6593.857674418606,4696.03,3965.26,3222.0,2904.4156626506024,1092.7440273037544,1190.857142857143
TARSADI,6593.857674418606,4338.29,3963.36,3382.0597014925374,2904.4156626506024,1092.7440273037544,1190.857142857143
BHUSAWAL,6593.857674418606,4144.75,3962.2,3382.0597014925374,2722.0,345.0,1190.857142857143
SHIVPUR CHARCHA (M),6593.857674418606,4484.27,3956.28,3382.0597014925374,2904.4156626506024,1092.7440273037544,1190.857142857143
UMRED,6593.857674418606,5131.29,3953.51,3272.0,2904.4156626506024,1092.7440273037544,1190.857142857143
KULGAON-BADLAPUR,6593.857674418606,5312.57,3891.98,3244.0,2904.4156626506024,1092.7440273037544,1190.857142857143
TUMKUR,6593.857674418606,2726.88,3863.66,3382.0597014925374,2904.4156626506024,1092.7440273037544,1190.857142857143
Saharanpur,6593.857674418606,3728.456822612087,3855.29,2908.0,2904.4156626506024,894.0,1190.857142857143
MANDSAUR,6593.857674418606,5221.65,3844.64,3382.0597014925374,3103.0,1318.0,1190.857142857143
RAJAHMUNDRY,6593.857674418606,4212.56,3838.66,2867.0,2904.4156626506024,1456.0,1190.857142857143
SEONI_M,6593.857674418606,5213.68,3838.27,3382.0597014925374,2904.4156626506024,1092.7440273037544,1190.857142857143
FIROZABAD (M.CORP.),6593.857674418606,4099.03,3819.57,3382.0597014925374,2904.4156626506024,1092.7440273037544,1190.857142857143
UDAIPUR (M CL),6593.857674418606,3969.52,3814.36,3382.0597014925374,2904.4156626506024,1092.7440273037544,1190.857142857143
UDGIR,6593.857674418606,3992.21,3811.73,3225.0,2904.4156626506024,910.0,1190.857142857143
PANCHKULA,6593.857674418606,4273.42,3783.01,3056.0,2904.4156626506024,968.0,1190.857142857143
ONGOLE,6593.857674418606,3158.75,3782.72,3382.0597014925374,2638.0,1322.0,1190.857142857143
KAKINADA,6593.857674418606,4120.25,3774.56,3382.0597014925374,2904.4156626506024,1464.0,1190.857142857143
WARDHA,6593.857674418606,4017.44,3765.85,3475.0,2873.0,760.0,1190.857142857143
NANDED WAGHALA,6593.857674418606,4516.03,3757.54,3141.0,2904.4156626506024,1010.0,1190.857142857143
SATARA,6593.857674418606,5713.61,3737.57,3361.0,2815.0,1090.0,1190.857142857143
GURGAON,6593.857674418606,5544.93,3733.97,2975.0,2904.4156626506024,1214.0,1194.0
BRAHMAPUR,6593.857674418606,4247.56,3718.55,3382.0597014925374,2904.4156626506024,1022.0,1190.857142857143
JALGAON,6593.857674418606,4286.83,3702.24,3034.0,2634.0,1083.0,1190.857142857143
SHIMLA,6593.857674418606,4798.12,3695.03,3382.0597014925374,2904.4156626506024,1438.0,1244.0
AKOLA,6593.857674418606,2684.45,3674.57,3382.0597014925374,2904.4156626506024,798.0,1190.857142857143
JALANDHAR CANTT.,6593.857674418606,3560.94,3670.03,3382.0597014925374,2904.4156626506024,1092.7440273037544,1190.857142857143
SOLAPUR,6593.857674418606,4255.17,3663.38,3206.0,2620.0,1213.0,1190.857142857143
HARDOI (NPP),6593.857674418606,3315.82,3650.59,3382.0597014925374,2904.4156626506024,1092.7440273037544,1190.857142857143
ANAND,6593.857674418606,4071.4,3648.57,3382.0597014925374,2904.4156626506024,1225.0,1190.857142857143
DELHI CANTT.,6593.857674418606,4029.19,3647.64,3382.0597014925374,2904.4156626506024,1062.0,1190.857142857143
PARBHANI,6593.857674418606,4261.8,3646.17,3382.0597014925374,3007.0,924.0,1190.857142857143
Jodhpur,6593.857674418606,3728.456822612087,3615.33,3382.0597014925374,2904.4156626506024,970.0,971.0
NAGDA,6593.857674418606,5184.14,3612.66,3794.0,2661.0,1213.0,1190.857142857143
KARIMNAGAR,6593.857674418606,4563.07,3602.16,2861.0,2709.0,987.0,1190.857142857143
VAPI,6593.857674418606,4450.44,3583.37,2953.0,3019.0,1558.0,1190.857142857143
SATNA,6593.857674418606,4628.27,3583.19,3382.0597014925374,2605.0,1317.0,1190.857142857143
TENALI,6593.857674418606,2662.48,3576.63,2936.0,2904.4156626506024,1464.0,1190.857142857143
KADAPA,6593.857674418606,4217.6,3559.97,3382.0597014925374,2904.4156626506024,1096.0,1190.857142857143
GODHRA,6593.857674418606,3969.89,3557.97,3382.0597014925374,2904.4156626506024,1422.0,1190.857142857143
SHAHJAHANPUR (NPP),6593.857674418606,4497.37,3538.71,3382.0597014925374,2904.4156626506024,1092.7440273037544,1190.857142857143
MEERUT CANTT.,6593.857674418606,2095.66,3529.31,3382.0597014925374,2904.4156626506024,1092.7440273037544,1190.857142857143
BATHINDA,6593.857674418606,3783.75,3526.68,3520.0,2904.4156626506024,1169.0,1190.857142857143
DAMOH,6593.857674418606,4450.84,3521.89,3012.0,2904.4156626506024,906.0,1190.857142857143
CHITTOOR,6593.857674418606,3433.86,3509.68,3382.0597014925374,2599.0,1321.0,1190.857142857143
Gorakhpur,6593.857674418606,3728.456822612087,3509.45,3382.0597014925374,2904.4156626506024,756.0,1190.857142857143
DURG,6593.857674418606,5361.68,3505.49,3500.0,2972.0,1284.0,1089.0
SILVASSA,6593.857674418606,3314.61,3504.89,3382.0597014925374,2904.4156626506024,1092.7440273037544,1190.857142857143
VIDISHA,6593.857674418606,3206.68,3498.7,3382.0597014925374,2904.4156626506024,1061.0,1190.857142857143
PATIALA,6593.857674418606,4012.44,3467.35,3382.0597014925374,2904.4156626506024,517.0,1190.857142857143
CHHATARPUR,6593.857674418606,4510.37,3450.63,3382.0597014925374,2609.0,1092.7440273037544,1190.857142857143
YAVATMAL,6593.857674418606,4341.61,3431.52,2887.0,2904.4156626506024,924.0,1190.857142857143
ICHHALKARANJI,6593.857674418606,2955.7,3428.19,3382.0597014925374,2904.4156626506024,1092.7440273037544,1190.857142857143
SOUTH DELHI (SDMC),6593.857674418606,4171.07,3422.27,3382.0597014925374,3029.0,984.0,1180.0
NEEMUCH,6593.857674418606,4604.45,3420.91,3314.0,2716.0,1161.0,1190.857142857143
HAZARIBAG,6593.857674418606,3185.77,3416.47,3113.0,2597.0,1269.0,1190.857142857143
HINGANGHAT,6593.857674418606,4688.92,3416.13,3382.0597014925374,2904.4156626506024,657.0,1190.857142857143
HINDUPUR,6593.857674418606,2419.65,3414.74,3382.0597014925374,2904.4156626506024,1086.0,1190.857142857143
ULHASNAGAR,6593.857674418606,3491.8,3409.91,3382.0597014925374,2904.4156626506024,974.0,1190.857142857143
SHIKOHABAD (NPP),6593.857674418606,2596.47,3397.23,3382.0597014925374,2904.4156626506024,1092.7440273037544,1190.857142857143
FIROZPUR,6593.857674418606,4645.1,3389.71,3382.0597014925374,2904.4156626506024,1092.7440273037544,1190.857142857143
AYODHYA,6593.857674418606,3986.09,3375.5,3382.0597014925374,2904.4156626506024,1092.7440273037544,1190.857142857143
GANDHIDHAM,6593.857674418606,2023.12,3372.8,3382.0597014925374,2904.4156626506024,1333.0,1190.857142857143
TADIPATRI,6593.857674418606,3073.39,3368.8,3382.0597014925374,2904.4156626506024,1529.0,1190.857142857143
PORBANDAR,6593.857674418606,3492.94,3364.11,3382.0597014925374,2904.4156626506024,1032.0,1190.857142857143
LANSDOWNE CANTT,6593.857674418606,2662.25,3210.12,3382.0597014925374,2904.4156626506024,1092.7440273037544,1190.857142857143
VARANASI CANTT.,6593.857674418606,2784.43,3148.1,3382.0597014925374,2904.4156626506024,1092.7440273037544,1190.857142857143
JHANSI CANTT.,6593.857674418606,2156.31,3084.71,3382.0597014925374,2904.4156626506024,1092.7440273037544,1190.857142857143
MHOW CANTT,6593.857674418606,5244.16,2980.03,3382.0597014925374,2904.4156626506024,1092.7440273037544,1190.857142857143
DEHUROAD CANTT,6593.857674418606,2409.21,2942.98,3382.0597014925374,2904.4156626506024,1092.7440273037544,1190.857142857143
DALHOUSIE CANTT.,6593.857674418606,772.44,2919.9,3382.0597014925374,2904.4156626506024,1092.7440273037544,1190.857142857143
ST THOMAS MOUNT CANTT,6593.857674418606,1430.32,2911.4,3382.0597014925374,2904.4156626506024,1092.7440273037544,1190.857142857143
MATHURA CANTT.,6593.857674418606,2757.72,2909.02,3382.0597014925374,2904.4156626506024,1092.7440273037544,1190.857142857143
Ahmednagar Cantt,6593.857674418606,3728.456822612087,2825.4,3382.0597014925374,2904.4156626506024,1092.7440273037544,1190.857142857143
SHAHJAHANPUR CANTT.,6593.857674418606,2776.81,2751.55,3382.0597014925374,2904.4156626506024,1092.7440273037544,1190.857142857143
SAUGOR CANTT,6593.857674418606,3062.57,2739.71,3382.0597014925374,2904.4156626506024,1092.7440273037544,1190.857142857143
KIRKEE CANTT,6593.857674418606,3493.9,2732.83,3382.0597014925374,2904.4156626506024,1092.7440273037544,1190.857142857143
AHMEDABAD CANTT,6593.857674418606,5294.17,2711.57,3382.0597014925374,2904.4156626506024,1092.7440273037544,1190.857142857143
RANIKHET CANTT,6593.857674418606,2424.65,2663.44,3382.0597014925374,2904.4156626506024,1092.7440273037544,1190.857142857143
JUTOGH CANTT.,6593.857674418606,3797.97,2611.5,3382.0597014925374,2904.4156626506024,1092.7440273037544,1190.857142857143
LUCKNOW CANTT.,6593.857674418606,2318.89,2579.25,3382.0597014925374,2904.4156626506024,1092.7440273037544,1190.857142857143
ROORKEE CANTT,6593.857674418606,1202.34,2575.88,3382.0597014925374,2904.4156626506024,1092.7440273037544,1190.857142857143
WELLINGTON CANTT,6593.857674418606,1700.54,2574.94,3382.0597014925374,2904.4156626506024,1092.7440273037544,1190.857142857143
AMRITSAR CANTT.,6593.857674418606,1648.08,2551.31,3382.0597014925374,2904.4156626506024,1092.7440273037544,1190.857142857143
BABINA CANTT.,6593.857674418606,1269.17,2514.39,3382.0597014925374,2904.4156626506024,1092.7440273037544,1190.857142857143
NAINITAL CANTT,6593.857674418606,1371.13,2486.41,3382.0597014925374,2904.4156626506024,1092.7440273037544,1190.857142857143
PUNE CANTT,6593.857674418606,2843.88,2452.27,3382.0597014925374,2904.4156626506024,1092.7440273037544,1190.857142857143
FEROZEPUR CANTT.,6593.857674418606,2937.16,2434.71,3382.0597014925374,2904.4156626506024,1092.7440273037544,1190.857142857143
AMBALA CANTT.,6593.857674418606,2165.68,2382.45,3382.0597014925374,2904.4156626506024,1092.7440273037544,1190.857142857143
JALAPAHAR CANTT,6593.857674418606,971.06,2374.83,3382.0597014925374,2904.4156626506024,1092.7440273037544,1190.857142857143
AURANGABAD CANTT,6593.857674418606,1986.95,2373.9,3382.0597014925374,2904.4156626506024,1092.7440273037544,1190.857142857143
LEBONG CANTT,6593.857674418606,995.09,2314.39,3382.0597014925374,2904.4156626506024,1092.7440273037544,1190.857142857143
SECUNDERABAD CANTT.,6593.857674418606,4114.05,2277.04,3382.0597014925374,2904.4156626506024,1092.7440273037544,1190.857142857143
LANDOUR CANTT,6593.857674418606,945.24,2212.17,3382.0597014925374,2904.4156626506024,1092.7440273037544,1190.857142857143
AJMER CANTT.,6593.857674418606,1473.92,2181.92,3382.0597014925374,2904.4156626506024,1092.7440273037544,1190.857142857143
CLEMENT TOWN CANTT,6593.857674418606,1234.32,2159.65,3382.0597014925374,2904.4156626506024,1092.7440273037544,1190.857142857143
RAMGARH CANTT.,6593.857674418606,927.03,2126.7,3382.0597014925374,2904.4156626506024,1092.7440273037544,1190.857142857143
Badamibagh Cantonment Board,6593.857674418606,3728.456822612087,2109.79,3382.0597014925374,2904.4156626506024,1092.7440273037544,1190.857142857143
Agra Cantonment Board,6593.857674418606,3728.456822612087,2104.34,3382.0597014925374,2904.4156626506024,1092.7440273037544,1190.857142857143
BELGAUM CANTT.,6593.857674418606,1271.57,2079.2,3382.0597014925374,2904.4156626506024,1092.7440273037544,1190.857142857143
BAREILLY CANTT.,6593.857674418606,1879.98,2071.51,3382.0597014925374,2904.4156626506024,1092.7440273037544,1190.857142857143
ALMORA CANTT,6593.857674418606,1802.62,2070.54,3382.0597014925374,2904.4156626506024,1092.7440273037544,1190.857142857143
DEHRADUN CANTT,6593.857674418606,1173.34,2070.3,3382.0597014925374,2904.4156626506024,1092.7440273037544,1190.857142857143
JABALPUR CANTT,6593.857674418606,3296.38,2057.53,3382.0597014925374,2904.4156626506024,1092.7440273037544,1190.857142857143
FATEHGARH CANTT.,6593.857674418606,2398.27,2053.08,3382.0597014925374,2904.4156626506024,1092.7440273037544,1190.857142857143
Kota,6593.857674418606,3728.456822612087,2051.88,3382.0597014925374,2904.4156626506024,706.0,954.0
DAGSHAI CANTT.,6593.857674418606,1758.83,2033.21,3382.0597014925374,2904.4156626506024,1092.7440273037544,1190.857142857143
EAST DELHI (EDMC),6593.857674418606,3726.23,1962.31,3382.0597014925374,2904.4156626506024,1004.0,1015.0
MORAR CANTT,6593.857674418606,1535.42,1951.9,3382.0597014925374,2904.4156626506024,1092.7440273037544,1190.857142857143
KAMPTEE CANTT,6593.857674418606,2816.17,1943.22,3382.0597014925374,2904.4156626506024,1092.7440273037544,1190.857142857143
KANNUR CANTT.,6593.857674418606,1824.1,1906.4,3382.0597014925374,2904.4156626506024,1092.7440273037544,1190.857142857143
KANPUR CANTT.,6593.857674418606,710.12,1862.88,3382.0597014925374,2904.4156626506024,1092.7440273037544,1190.857142857143
SABATHU CANTT.,6593.857674418606,1918.16,1789.83,3382.0597014925374,2904.4156626506024,1092.7440273037544,1190.857142857143
JAMMU CANTT.,6593.857674418606,1166.44,1757.53,3382.0597014925374,2904.4156626506024,1092.7440273037544,1190.857142857143
BAKLOH CANTT.,6593.857674418606,853.33,1740.24,3382.0597014925374,2904.4156626506024,1092.7440273037544,1190.857142857143
DEOLALI CANTT,6593.857674418606,5433.88,1734.12,3382.0597014925374,2904.4156626506024,1092.7440273037544,1190.857142857143
ALLAHABAD CANTT.,6593.857674418606,1897.46,1702.76,3382.0597014925374,2904.4156626506024,1092.7440273037544,1190.857142857143
CHAKRATA CANTT,6593.857674418606,802.18,1684.07,3382.0597014925374,2904.4156626506024,1092.7440273037544,1190.857142857143
PACHMARHI CANTT,6593.857674418606,2588.71,1611.77,3382.0597014925374,2904.4156626506024,1092.7440273037544,1190.857142857143
KASAULI CANTT.,6593.857674418606,1104.05,1499.2,3382.0597014925374,2904.4156626506024,1092.7440273037544,1190.857142857143
FAIZABAD CANTT.,6593.857674418606,1384.77,1466.96,3382.0597014925374,2904.4156626506024,1092.7440273037544,1190.857142857143
YOL CANTT.,6593.857674418606,753.87,1445.91,3382.0597014925374,2904.4156626506024,1092.7440273037544,1190.857142857143
SHILLONG CANTT.,6593.857674418606,675.69,1427.23,3382.0597014925374,2904.4156626506024,1092.7440273037544,1190.857142857143
Nasirabad Cantt.,6593.857674418606,3728.456822612087,1307.77,3382.0597014925374,2904.4156626506024,1092.7440273037544,1190.857142857143
BARRACKPORE CANTT,6593.857674418606,2249.59,1086.71,3382.0597014925374,2904.4156626506024,1092.7440273037544,1190.857142857143
DANAPUR CANTT.,6593.857674418606,1864.89,879.33,3382.0597014925374,2904.4156626506024,1092.7440273037544,1190.857142857143
KARHAD,6593.857674418606,6212.56,3757.2843506493464,4063.0,2904.4156626506024,1092.7440273037544,1190.857142857143
KARJAT_R,6593.857674418606,5785.92,3757.2843506493464,3228.0,2904.4156626506024,1092.7440273037544,1190.857142857143
SILLOD,6593.857674418606,5489.28,3757.2843506493464,3382.0597014925374,2894.0,1092.7440273037544,1190.857142857143
SHENDURJANAGHAT,6593.857674418606,5334.06,3757.2843506493464,3166.0,2904.4156626506024,1092.7440273037544,1190.857142857143
BETMA,6593.857674418606,5280.72,3757.2843506493464,3451.0,2904.4156626506024,1092.7440273037544,1190.857142857143
MANGALVEDHE,6593.857674418606,5169.66,3757.2843506493464,3403.0,2904.4156626506024,1092.7440273037544,1190.857142857143
DHAR,6593.857674418606,5044.28,3757.2843506493464,3294.0,2904.4156626506024,1092.7440273037544,1190.857142857143
LATUR,6593.857674418606,5032.66,3757.2843506493464,3427.0,2904.4156626506024,751.0,1190.857142857143
DEGLUR,6593.857674418606,5023.11,3757.2843506493464,3382.0597014925374,2832.0,1092.7440273037544,1190.857142857143
BHIND,6593.857674418606,4945.51,3757.2843506493464,3382.0597014925374,2904.4156626506024,1176.0,1190.857142857143
BADWANI,6593.857674418606,4923.22,3757.2843506493464,3162.0,2904.4156626506024,1092.7440273037544,1190.857142857143
SEHORE,6593.857674418606,4906.28,3757.2843506493464,3382.0597014925374,2904.4156626506024,1397.0,1190.857142857143
KURUNDVAD,6593.857674418606,4884.23,3757.2843506493464,3295.0,2904.4156626506024,1092.7440273037544,1190.857142857143
GUNA,6593.857674418606,4879.07,3757.2843506493464,3382.0597014925374,2904.4156626506024,873.0,1190.857142857143
SAWANTWADI,6593.857674418606,4877.92,3757.2843506493464,3267.0,2785.0,1092.7440273037544,1190.857142857143
MANGO,6593.857674418606,4859.57,3757.2843506493464,2898.0,3162.0,1092.7440273037544,1190.857142857143
REWA,6593.857674418606,4850.94,3757.2843506493464,3039.0,2893.0,1479.0,1190.857142857143
BHOR,6593.857674418606,4825.85,3757.2843506493464,3454.0,2954.0,1092.7440273037544,1190.857142857143
KURNOOL,6593.857674418606,4810.22,3757.2843506493464,3382.0597014925374,2904.4156626506024,1051.0,1190.857142857143
PATHRI,6593.857674418606,4765.01,3757.2843506493464,3382.0597014925374,2738.0,1092.7440273037544,1190.857142857143
PURI (M),6593.857674418606,4740.3,3757.2843506493464,3382.0597014925374,2904.4156626506024,1007.0,1190.857142857143
DHANPURI,6593.857674418606,4709.1,3757.2843506493464,3148.0,2904.4156626506024,1092.7440273037544,1190.857142857143
NELLORE,6593.857674418606,4687.92,3757.2843506493464,3382.0597014925374,2904.4156626506024,1073.0,1190.857142857143
HUBLI-DHARWAD,6593.857674418606,4680.24,3757.2843506493464,3382.0597014925374,2904.4156626506024,998.0,1190.857142857143
WARANGAL,6593.857674418606,4677.25,3757.2843506493464,2995.0,3045.0,1537.0,1226.0
DATIA,6593.857674418606,4674.82,3757.2843506493464,3382.0597014925374,2904.4156626506024,810.0,1190.857142857143
KATOL,6593.857674418606,4593.75,3757.2843506493464,3504.0,3041.0,1092.7440273037544,1190.857142857143
KHANDALA,6593.857674418606,4589.62,3757.2843506493464,3163.0,2904.4156626506024,1092.7440273037544,1190.857142857143
HOSHANGABAD,6593.857674418606,4552.23,3757.2843506493464,2956.0,2674.0,1364.0,1190.857142857143
ROHA ASHTAMI,6593.857674418606,4545.19,3757.2843506493464,3382.0597014925374,2749.0,1092.7440273037544,1190.857142857143
DEHRADUN,6593.857674418606,4524.48,3757.2843506493464,3382.0597014925374,2904.4156626506024,752.0,876.0
MOWAD,6593.857674418606,4521.95,3757.2843506493464,3382.0597014925374,2824.0,1092.7440273037544,1190.857142857143
KANKER,6593.857674418606,4514.1,3757.2843506493464,3197.0,2904.4156626506024,1092.7440273037544,1190.857142857143
KYMORE,6593.857674418606,4480.39,3757.2843506493464,3122.0,2904.4156626506024,1092.7440273037544,1190.857142857143
MORENA,6593.857674418606,4473.36,3757.2843506493464,3382.0597014925374,2904.4156626506024,977.0,1190.857142857143
URAN,6593.857674418606,4417.06,3757.2843506493464,3266.0,2904.4156626506024,1092.7440273037544,1190.857142857143
SHIVPURI,6593.857674418606,4372.1,3757.2843506493464,2987.0,2904.4156626506024,926.0,1190.857142857143
BHUBANESWAR,6593.857674418606,4363.37,3757.2843506493464,3382.0597014925374,2904.4156626506024,1254.0,1279.0
BEED,6593.857674418606,4320.9,3757.2843506493464,2905.0,2904.4156626506024,783.0,1190.857142857143
DABRA,6593.857674418606,4313.53,3757.2843506493464,3382.0597014925374,2904.4156626506024,881.0,1190.857142857143
JAYSINGPUR,6593.857674418606,4289.97,3757.2843506493464,3382.0597014925374,2785.0,1092.7440273037544,1190.857142857143
MHASWAD,6593.857674418606,4247.62,3757.2843506493464,3128.0,2904.4156626506024,1092.7440273037544,1190.857142857143
BAGBAHARA,6593.857674418606,4243.72,3757.2843506493464,3382.0597014925374,2902.0,1092.7440273037544,1190.857142857143
SARDARPUR,6593.857674418606,4240.84,3757.2843506493464,3167.0,2904.4156626506024,1092.7440273037544,1190.857142857143
NIZAMABAD,6593.857674418606,4240.03,3757.2843506493464,3382.0597014925374,2904.4156626506024,1040.0,1190.857142857143
BUNDU,6593.857674418606,4223.71,3757.2843506493464,3378.0,3045.0,1092.7440273037544,1190.857142857143
BANDA,6593.857674418606,4210.88,3757.2843506493464,3382.0597014925374,2904.4156626506024,592.0,1190.857142857143
PARLI,6593.857674418606,4202.72,3757.2843506493464,3198.0,2904.4156626506024,1092.7440273037544,1190.857142857143
MORADABAD,6593.857674418606,4202.27,3757.2843506493464,3382.0597014925374,2904.4156626506024,739.0,1190.857142857143
SHIRALA,6593.857674418606,4164.6,3757.2843506493464,3192.0,2904.4156626506024,1092.7440273037544,1190.857142857143
BHONGIR (M),6593.857674418606,4144.12,3757.2843506493464,3382.0597014925374,2822.0,1092.7440273037544,1190.857142857143
DEOGHAR,6593.857674418606,4141.82,3757.2843506493464,3382.0597014925374,2835.0,1232.0,1190.857142857143
JUNAGADH,6593.857674418606,4141.5,3757.2843506493464,3382.0597014925374,2904.4156626506024,1411.0,1190.857142857143
TRIMBAK,6593.857674418606,4139.06,3757.2843506493464,3211.0,2751.0,1092.7440273037544,1190.857142857143
PATHARIYA,6593.857674418606,4106.76,3757.2843506493464,3382.0597014925374,2843.0,1092.7440273037544,1190.857142857143
PALUS,6593.857674418606,4094.48,3757.2843506493464,3442.0,2904.4156626506024,1092.7440273037544,1190.857142857143
JAWHAR,6593.857674418606,4074.67,3757.2843506493464,3382.0597014925374,2758.0,1092.7440273037544,1190.857142857143
GUNTUR,6593.857674418606,4070.26,3757.2843506493464,3382.0597014925374,2904.4156626506024,1201.0,1190.857142857143
MAHBUBNAGAR,6593.857674418606,4068.94,3757.2843506493464,3382.0597014925374,2904.4156626506024,892.0,1190.857142857143
BAHADURGARH,6593.857674418606,4048.49,3757.2843506493464,3382.0597014925374,2904.4156626506024,664.0,1190.857142857143
MALEGAON,6593.857674418606,4029.52,3757.2843506493464,3382.0597014925374,2614.0,911.0,1190.857142857143
HISAR,6593.857674418606,4020.07,3757.2843506493464,3382.0597014925374,2904.4156626506024,805.0,1190.857142857143
KUHI,6593.857674418606,4013.27,3757.2843506493464,3373.0,2904.4156626506024,1092.7440273037544,1190.857142857143
NAVSARI,6593.857674418606,3994.06,3757.2843506493464,3382.0597014925374,2615.0,1568.0,1190.857142857143
SURYAPET,6593.857674418606,3968.06,3757.2843506493464,3382.0597014925374,2922.0,1532.0,1190.857142857143
ACHALPUR,6593.857674418606,3951.22,3757.2843506493464,2936.0,2903.0,761.0,1190.857142857143
SHRIRAMPUR,6593.857674418606,3946.66,3757.2843506493464,3382.0597014925374,2739.0,1092.7440273037544,1190.857142857143
AMRELI,6593.857674418606,3940.11,3757.2843506493464,3382.0597014925374,2904.4156626506024,1189.0,1190.857142857143
BALESHWAR,6593.857674418606,3939.15,3757.2843506493464,3382.0597014925374,2904.4156626506024,1020.0,1190.857142857143
KANKAVLI,6593.857674418606,3924.7,3757.2843506493464,3382.0597014925374,2853.0,1092.7440273037544,1190.857142857143
NALGONDA,6593.857674418606,3815.14,3757.2843506493464,3382.0597014925374,2904.4156626506024,990.0,1190.857142857143
MIRYALAGUDA,6593.857674418606,3782.76,3757.2843506493464,3382.0597014925374,2904.4156626506024,1036.0,1190.857142857143
AUSA,6593.857674418606,3782.42,3757.2843506493464,3224.0,2957.0,1092.7440273037544,1190.857142857143
ROORKEE (NN),6593.857674418606,3765.98,3757.2843506493464,3382.0597014925374,2904.4156626506024,951.0,1190.857142857143
DAUND,6593.857674418606,3763.62,3757.2843506493464,3208.0,2904.4156626506024,1092.7440273037544,1190.857142857143
GANGAKHED,6593.857674418606,3750.9,3757.2843506493464,3229.0,2904.4156626506024,1092.7440273037544,1190.857142857143
RAMAGUNDAM,6593.857674418606,3718.92,3757.2843506493464,3382.0597014925374,2904.4156626506024,1017.0,1190.857142857143
KARMALA,6593.857674418606,3691.83,3757.2843506493464,3382.0597014925374,2743.0,1092.7440273037544,1190.857142857143
AJMER,6593.857674418606,3677.62,3757.2843506493464,3382.0597014925374,2904.4156626506024,928.0,1190.857142857143
MALWAN,6593.857674418606,3673.51,3757.2843506493464,3314.0,2755.0,1092.7440273037544,1190.857142857143
BHOKARDAN,6593.857674418606,3564.05,3757.2843506493464,3382.0597014925374,2799.0,1092.7440273037544,1190.857142857143
DAVANAGERE,6593.857674418606,3561.11,3757.2843506493464,3382.0597014925374,2904.4156626506024,812.0,1190.857142857143
BHANDARA,6593.857674418606,3533.08,3757.2843506493464,3382.0597014925374,2748.0,1092.7440273037544,1190.857142857143
OSMANABAD,6593.857674418606,3532.82,3757.2843506493464,3382.0597014925374,2669.0,949.0,1190.857142857143
MANGALORE,6593.857674418606,3526.54,3757.2843506493464,3382.0597014925374,2848.0,1350.0,1190.857142857143
GONDAL,6593.857674418606,3522.14,3757.2843506493464,3382.0597014925374,2904.4156626506024,1097.0,1190.857142857143
AKOLE,6593.857674418606,3521.97,3757.2843506493464,3144.0,2904.4156626506024,1092.7440273037544,1190.857142857143
CHAIBASA,6593.857674418606,3516.41,3757.2843506493464,3382.0597014925374,2940.0,1092.7440273037544,1190.857142857143
SULTANPUR,6593.857674418606,3484.92,3757.2843506493464,3382.0597014925374,2904.4156626506024,768.0,1190.857142857143
JALANDHAR,6593.857674418606,3413.33,3757.2843506493464,3382.0597014925374,2904.4156626506024,921.0,1190.857142857143
KHAMMAM,6593.857674418606,3396.09,3757.2843506493464,3382.0597014925374,2904.4156626506024,914.0,1190.857142857143
PANDHARKAODA,6593.857674418606,3327.56,3757.2843506493464,3382.0597014925374,2799.0,1092.7440273037544,1190.857142857143
DAPOLI CAMP,6593.857674418606,3247.49,3757.2843506493464,3122.0,2904.4156626506024,1092.7440273037544,1190.857142857143
SAMBALPUR TOWN (M),6593.857674418606,3212.96,3757.2843506493464,3382.0597014925374,2904.4156626506024,739.0,1190.857142857143
PALANPUR,6593.857674418606,3205.96,3757.2843506493464,3382.0597014925374,2904.4156626506024,1254.0,1190.857142857143
MADANAPALLE,6593.857674418606,3199.89,3757.2843506493464,3382.0597014925374,2904.4156626506024,831.0,1190.857142857143
BELGAUM (M CORP. + OG),6593.857674418606,3192.48,3757.2843506493464,3382.0597014925374,2904.4156626506024,892.0,1190.857142857143
TULJAPUR,6593.857674418606,3180.99,3757.2843506493464,3382.0597014925374,2810.0,1092.7440273037544,1190.857142857143
KAITHAL,6593.857674418606,3130.38,3757.2843506493464,3382.0597014925374,2904.4156626506024,828.0,1190.857142857143
GAYA,6593.857674418606,3096.65,3757.2843506493464,3382.0597014925374,2904.4156626506024,642.0,1190.857142857143
CHAS,6593.857674418606,3081.04,3757.2843506493464,3096.0,3173.0,1470.0,1190.857142857143
BHARUCH,6593.857674418606,3067.86,3757.2843506493464,3382.0597014925374,2762.0,1352.0,1190.857142857143
KOREGAON,6593.857674418606,3059.15,3757.2843506493464,3445.0,2904.4156626506024,1092.7440273037544,1190.857142857143
MORBI,6593.857674418606,3057.75,3757.2843506493464,3382.0597014925374,2904.4156626506024,1253.0,1190.857142857143
PATHANKOT,6593.857674418606,3011.59,3757.2843506493464,3382.0597014925374,2904.4156626506024,1021.0,1190.857142857143
ADILABAD,6593.857674418606,3001.41,3757.2843506493464,3382.0597014925374,2904.4156626506024,1006.0,1190.857142857143
JAMMU,6593.857674418606,2983.22,3757.2843506493464,3382.0597014925374,2904.4156626506024,891.0,1190.857142857143
NADIAD,6593.857674418606,2972.58,3757.2843506493464,3382.0597014925374,2904.4156626506024,1323.0,1190.857142857143
CUTTACK,6593.857674418606,2966.59,3757.2843506493464,3382.0597014925374,2904.4156626506024,977.0,925.0
SIMDEGA,6593.857674418606,2951.25,3757.2843506493464,3382.0597014925374,2779.0,1092.7440273037544,1190.857142857143
KAVALI,6593.857674418606,2905.82,3757.2843506493464,3382.0597014925374,2904.4156626506024,1087.0,1190.857142857143
PETLAD,6593.857674418606,2902.95,3757.2843506493464,3198.0,2904.4156626506024,1092.7440273037544,1190.857142857143
UDUPI,6593.857674418606,2882.92,3757.2843506493464,3382.0597014925374,2904.4156626506024,1123.0,1190.857142857143
VERAVAL,6593.857674418606,2881.86,3757.2843506493464,3382.0597014925374,2904.4156626506024,1236.0,1190.857142857143
VALSAD,6593.857674418606,2857.77,3757.2843506493464,3382.0597014925374,2904.4156626506024,1131.0,1190.857142857143
JETPUR NAVAGADH,6593.857674418606,2849.7,3757.2843506493464,3382.0597014925374,2904.4156626506024,1476.0,1190.857142857143
PALWAL,6593.857674418606,2819.96,3757.2843506493464,3382.0597014925374,2904.4156626506024,553.0,1190.857142857143
SALEM,6593.857674418606,2794.37,3757.2843506493464,3382.0597014925374,2904.4156626506024,1166.0,1190.857142857143
CHIRKUNDA,6593.857674418606,2791.11,3757.2843506493464,3382.0597014925374,2773.0,1092.7440273037544,1190.857142857143
PANAJI,6593.857674418606,2785.8,3757.2843506493464,3382.0597014925374,2904.4156626506024,1271.0,1385.0
ADONI,6593.857674418606,2763.13,3757.2843506493464,3382.0597014925374,2904.4156626506024,934.0,1190.857142857143
SRIKALAHASTI,6593.857674418606,2752.0,3757.2843506493464,3382.0597014925374,2904.4156626506024,961.0,1190.857142857143
SRIKAKULAM,6593.857674418606,2740.57,3757.2843506493464,3382.0597014925374,2904.4156626506024,1198.0,1190.857142857143
KHANAPUR,6593.857674418606,2740.07,3757.2843506493464,3511.0,2904.4156626506024,1092.7440273037544,1190.857142857143
DAMAN,6593.857674418606,2724.24,3757.2843506493464,3382.0597014925374,2904.4156626506024,676.0,1190.857142857143
GUMLA,6593.857674418606,2674.92,3757.2843506493464,3382.0597014925374,2917.0,1092.7440273037544,1190.857142857143
NANDYAL,6593.857674418606,2637.29,3757.2843506493464,3382.0597014925374,2904.4156626506024,1308.0,1190.857142857143
CHAPRA,6593.857674418606,2631.66,3757.2843506493464,3382.0597014925374,2904.4156626506024,483.0,1190.857142857143
BHIWANI,6593.857674418606,2631.14,3757.2843506493464,3382.0597014925374,2904.4156626506024,698.0,1190.857142857143
BARIPADA,6593.857674418606,2618.58,3757.2843506493464,3382.0597014925374,2904.4156626506024,880.0,1190.857142857143
MUZAFFARPUR,6593.857674418606,2579.83,3757.2843506493464,3382.0597014925374,2904.4156626506024,782.0,1190.857142857143
NARASARAOPET,6593.857674418606,2577.46,3757.2843506493464,3382.0597014925374,2904.4156626506024,1471.0,1190.857142857143
HASSAN,6593.857674418606,2575.34,3757.2843506493464,3382.0597014925374,2904.4156626506024,926.0,1190.857142857143
BEGUSARAI,6593.857674418606,2564.26,3757.2843506493464,3382.0597014925374,2904.4156626506024,530.0,1190.857142857143
BIHARSHARIF,6593.857674418606,2527.6,3757.2843506493464,3382.0597014925374,2904.4156626506024,1117.0,1190.857142857143
DIU,6593.857674418606,2527.32,3757.2843506493464,3382.0597014925374,2904.4156626506024,707.0,1190.857142857143
DWARKA,6593.857674418606,2514.09,3757.2843506493464,3382.0597014925374,2904.4156626506024,1341.0,1190.857142857143
VIZIANAGARAM,6593.857674418606,2505.8,3757.2843506493464,3382.0597014925374,2904.4156626506024,1185.0,1190.857142857143
GUNTAKAL,6593.857674418606,2493.79,3757.2843506493464,3382.0597014925374,2904.4156626506024,1255.0,1190.857142857143
BHADRAVATI,6593.857674418606,2490.22,3757.2843506493464,3382.0597014925374,2904.4156626506024,952.0,1190.857142857143
BHARATPUR,6593.857674418606,2485.67,3757.2843506493464,3382.0597014925374,2904.4156626506024,619.0,1190.857142857143
NAGAPATTINAM,6593.857674418606,2483.16,3757.2843506493464,3382.0597014925374,2904.4156626506024,1030.0,1190.857142857143
TIRUCHIRAPPALLI,6593.857674418606,2473.78,3757.2843506493464,3414.0,3352.0,1716.0,1715.0
BUXAR,6593.857674418606,2467.1,3757.2843506493464,3382.0597014925374,2904.4156626506024,727.0,1190.857142857143
GIRIDIH,6593.857674418606,2464.7,3757.2843506493464,3382.0597014925374,2813.0,1306.0,1190.857142857143
BHIMAVARAM,6593.857674418606,2458.76,3757.2843506493464,3382.0597014925374,2904.4156626506024,1279.0,1190.857142857143
JAMJODHPUR,6593.857674418606,2433.38,3757.2843506493464,3171.0,2904.4156626506024,1092.7440273037544,1190.857142857143
TIRUVANNAMALAI,6593.857674418606,2409.24,3757.2843506493464,3382.0597014925374,2904.4156626506024,911.0,1190.857142857143
BHADRAK (M),6593.857674418606,2392.7,3757.2843506493464,3382.0597014925374,2904.4156626506024,678.0,1190.857142857143
RUDRAPUR,6593.857674418606,2304.73,3757.2843506493464,3382.0597014925374,2904.4156626506024,731.0,1190.857142857143
DARBHANGA,6593.857674418606,2302.94,3757.2843506493464,3382.0597014925374,2904.4156626506024,654.0,1190.857142857143
SILCHAR,6593.857674418606,2264.35,3757.2843506493464,3382.0597014925374,2904.4156626506024,833.0,1190.857142857143
NAINITAL,6593.857674418606,2258.44,3757.2843506493464,3382.0597014925374,2904.4156626506024,725.0,1190.857142857143
BHUJ,6593.857674418606,2251.51,3757.2843506493464,3382.0597014925374,2904.4156626506024,1245.0,1190.857142857143
BIKANER,6593.857674418606,2236.86,3757.2843506493464,3382.0597014925374,2904.4156626506024,745.0,1190.857142857143
KUMBAKONAM,6593.857674418606,2212.77,3757.2843506493464,3382.0597014925374,2904.4156626506024,1486.0,1190.857142857143
TAMBARAM,6593.857674418606,2202.35,3757.2843506493464,3382.0597014925374,2904.4156626506024,1351.0,1190.857142857143
RAMESWARAM,6593.857674418606,2196.46,3757.2843506493464,3382.0597014925374,2904.4156626506024,865.0,1190.857142857143
PURNIA,6593.857674418606,2180.63,3757.2843506493464,3382.0597014925374,2904.4156626506024,706.0,1190.857142857143
VELLORE,6593.857674418606,2174.07,3757.2843506493464,3382.0597014925374,2904.4156626506024,1219.0,1190.857142857143
DEESA,6593.857674418606,2169.3,3757.2843506493464,3052.0,2904.4156626506024,1194.0,1190.857142857143
ADITYAPUR,6593.857674418606,2137.12,3757.2843506493464,3382.0597014925374,2772.0,1121.0,1190.857142857143
CUDDALORE,6593.857674418606,2077.24,3757.2843506493464,3382.0597014925374,2904.4156626506024,892.0,1190.857142857143
SAHARSA,6593.857674418606,2071.92,3757.2843506493464,3382.0597014925374,2904.4156626506024,554.0,1190.857142857143
KOCHI,6593.857674418606,2071.51,3757.2843506493464,3382.0597014925374,2904.4156626506024,856.0,990.0
PRODDATUR,6593.857674418606,2062.71,3757.2843506493464,3382.0597014925374,2904.4156626506024,1169.0,1190.857142857143
CHILAKALURIPET,6593.857674418606,2050.0,3757.2843506493464,3382.0597014925374,2904.4156626506024,1220.0,1190.857142857143
AVADI,6593.857674418606,2045.97,3757.2843506493464,3382.0597014925374,2904.4156626506024,1069.0,1190.857142857143
KASHIPUR,6593.857674418606,2018.33,3757.2843506493464,3382.0597014925374,2904.4156626506024,883.0,1190.857142857143
THIRUVANANTHAPURAM,6593.857674418606,2001.0,3757.2843506493464,3382.0597014925374,2904.4156626506024,617.0,1167.0
LAKHANPUR,6593.857674418606,1997.22,3757.2843506493464,3382.0597014925374,2934.0,1092.7440273037544,1190.857142857143
KALOL,6593.857674418606,1987.26,3757.2843506493464,3382.0597014925374,2904.4156626506024,1505.0,1190.857142857143
TIRUNELVELI,6593.857674418606,1985.13,3757.2843506493464,3382.0597014925374,2904.4156626506024,1008.0,1190.857142857143
MOGA,6593.857674418606,1974.57,3757.2843506493464,3382.0597014925374,2904.4156626506024,625.0,1190.857142857143
GANGAWATI,6593.857674418606,1956.84,3757.2843506493464,3382.0597014925374,2904.4156626506024,598.0,1190.857142857143
DHARMAVARAM,6593.857674418606,1951.68,3757.2843506493464,3382.0597014925374,2904.4156626506024,1113.0,1190.857142857143
RAMPUR,6593.857674418606,1934.46,3757.2843506493464,3382.0597014925374,2904.4156626506024,543.0,1190.857142857143
DINDIGUL,6593.857674418606,1934.16,3757.2843506493464,3382.0597014925374,2904.4156626506024,1221.0,1190.857142857143
MACHILIPATNAM,6593.857674418606,1922.99,3757.2843506493464,3382.0597014925374,2904.4156626506024,1291.0,1190.857142857143
BAGAHA,6593.857674418606,1909.12,3757.2843506493464,3382.0597014925374,2904.4156626506024,367.0,1190.857142857143
DIBRUGARH,6593.857674418606,1899.7,3757.2843506493464,3382.0597014925374,2904.4156626506024,798.0,1190.857142857143
ERODE,6593.857674418606,1897.13,3757.2843506493464,3382.0597014925374,2857.0,1468.0,1190.857142857143
BOTAD,6593.857674418606,1888.36,3757.2843506493464,3382.0597014925374,2904.4156626506024,1308.0,1190.857142857143
AIZAWL,6593.857674418606,1881.44,3757.2843506493464,3382.0597014925374,2904.4156626506024,1092.7440273037544,1138.0
JEHANABAD,6593.857674418606,1879.87,3757.2843506493464,3382.0597014925374,2904.4156626506024,774.0,1190.857142857143
CHATRA,6593.857674418606,1859.71,3757.2843506493464,3157.0,2748.0,1092.7440273037544,1190.857142857143
GUDIVADA,6593.857674418606,1855.9,3757.2843506493464,3382.0597014925374,2904.4156626506024,1090.0,1190.857142857143
GANGTOK,6593.857674418606,1812.01,3757.2843506493464,3382.0597014925374,2601.0,1414.0,1565.0
Vijayapura (Bijapur),6593.857674418606,1808.42,3757.2843506493464,3327.0,2904.4156626506024,760.0,1190.857142857143
ELURU,6593.857674418606,1782.38,3757.2843506493464,3382.0597014925374,2904.4156626506024,1283.0,1190.857142857143
KOZHIKODE,6593.857674418606,1771.87,3757.2843506493464,3382.0597014925374,2904.4156626506024,887.0,1107.0
TIRUPPUR,6593.857674418606,1754.98,3757.2843506493464,3382.0597014925374,2904.4156626506024,1326.0,1190.857142857143
AMBUR,6593.857674418606,1752.28,3757.2843506493464,3382.0597014925374,2904.4156626506024,871.0,1190.857142857143
RAJAPALAYAM,6593.857674418606,1745.4,3757.2843506493464,3382.0597014925374,2904.4156626506024,1186.0,1190.857142857143
GUWAHATI,6593.857674418606,1736.12,3757.2843506493464,3382.0597014925374,2904.4156626506024,1169.0,1041.0
BELLARY,6593.857674418606,1724.52,3757.2843506493464,3382.0597014925374,2904.4156626506024,827.0,1190.857142857143
KISHANGANJ,6593.857674418606,1701.08,3757.2843506493464,3382.0597014925374,2904.4156626506024,883.0,1190.857142857143
IMPHAL,6593.857674418606,1680.64,3757.2843506493464,3382.0597014925374,2904.4156626506024,1192.0,1441.0
BISHRAMPUR,6593.857674418606,1673.61,3757.2843506493464,3524.0,2904.4156626506024,1092.7440273037544,1190.857142857143
SHILLONG,6593.857674418606,1654.45,3757.2843506493464,3382.0597014925374,2904.4156626506024,839.0,1012.0
SEONI,6593.857674418606,1650.23,3757.2843506493464,3382.0597014925374,2904.4156626506024,1077.0,1190.857142857143
TADEPALLIGUDEM,6593.857674418606,1636.44,3757.2843506493464,3382.0597014925374,2904.4156626506024,1250.0,1190.857142857143
MUNGER,6593.857674418606,1611.21,3757.2843506493464,3382.0597014925374,2904.4156626506024,502.0,1190.857142857143
KATIHAR,6593.857674418606,1609.23,3757.2843506493464,3382.0597014925374,2904.4156626506024,383.0,1190.857142857143
AGARTALA,6593.857674418606,1596.93,3757.2843506493464,3382.0597014925374,2904.4156626506024,806.0,1222.0
KANCHEEPURAM,6593.857674418606,1540.05,3757.2843506493464,3382.0597014925374,2904.4156626506024,1182.0,1190.857142857143
HOSPET (CMC),6593.857674418606,1472.94,3757.2843506493464,3382.0597014925374,2904.4156626506024,752.0,1190.857142857143
NAGAON,6593.857674418606,1442.94,3757.2843506493464,3382.0597014925374,2904.4156626506024,1086.0,1190.857142857143
PALLAVARAM,6593.857674418606,1423.18,3757.2843506493464,3382.0597014925374,2904.4156626506024,1091.0,1190.857142857143
BHAGALPUR,6593.857674418606,1409.57,3757.2843506493464,3382.0597014925374,2904.4156626506024,841.0,1190.857142857143
RAJMAHAL,6593.857674418606,1382.43,3757.2843506493464,3132.0,2904.4156626506024,1092.7440273037544,1190.857142857143
KOLLAM,6593.857674418606,1376.41,3757.2843506493464,3382.0597014925374,2904.4156626506024,629.0,1190.857142857143
SASARAM,6593.857674418606,1265.5,3757.2843506493464,3382.0597014925374,2904.4156626506024,834.0,1190.857142857143
SIWAN,6593.857674418606,1256.03,3757.2843506493464,3382.0597014925374,2904.4156626506024,610.0,1190.857142857143
THANJAVUR,6593.857674418606,1101.93,3757.2843506493464,3382.0597014925374,2904.4156626506024,1003.0,1190.857142857143
KOHIMA,6593.857674418606,1098.08,3757.2843506493464,3382.0597014925374,2904.4156626506024,970.0,893.0
ANANTNAG,6593.857674418606,827.69,3757.2843506493464,3382.0597014925374,2904.4156626506024,1003.0,1190.857142857143
ITANAGAR,6593.857674418606,729.73,3757.2843506493464,3382.0597014925374,2904.4156626506024,953.0,639.0
Amdavad,6593.857674418606,3728.456822612087,3757.2843506493464,4137.0,2904.4156626506024,1092.7440273037544,1190.857142857143
Amrava,6593.857674418606,3728.456822612087,3757.2843506493464,3042.0,2904.4156626506024,1092.7440273037544,1190.857142857143
Badrava,6593.857674418606,3728.456822612087,3757.2843506493464,3486.0,2904.4156626506024,1092.7440273037544,1190.857142857143
Balrampur,6593.857674418606,3728.456822612087,3757.2843506493464,3313.0,2904.4156626506024,1092.7440273037544,1190.857142857143
Bhilai Charoda,6593.857674418606,3728.456822612087,3757.2843506493464,3424.0,2904.4156626506024,1092.7440273037544,1190.857142857143
Chhura,6593.857674418606,3728.456822612087,3757.2843506493464,3284.0,2904.4156626506024,1092.7440273037544,1190.857142857143
Chhurikala,6593.857674418606,3728.456822612087,3757.2843506493464,3203.0,2904.4156626506024,1092.7440273037544,1190.857142857143
Chikhalakasa,6593.857674418606,3728.456822612087,3757.2843506493464,3296.0,2904.4156626506024,1092.7440273037544,1190.857142857143
Dungarpur,6593.857674418606,3728.456822612087,3757.2843506493464,3787.0,2904.4156626506024,1092.7440273037544,1190.857142857143
Gondia,6593.857674418606,3728.456822612087,3757.2843506493464,3382.0597014925374,2673.0,705.0,1190.857142857143
Ichalkaranji,6593.857674418606,3728.456822612087,3757.2843506493464,3382.0597014925374,2659.0,1133.0,1190.857142857143
Jashpur Nagar,6593.857674418606,3728.456822612087,3757.2843506493464,3435.0,2948.0,1092.7440273037544,1190.857142857143
Jhagrakhand,6593.857674418606,3728.456822612087,3757.2843506493464,3146.0,2904.4156626506024,1092.7440273037544,1190.857142857143
Kawardha,6593.857674418606,3728.456822612087,3757.2843506493464,3223.0,2904.4156626506024,1092.7440273037544,1190.857142857143
Kunkuri,6593.857674418606,3728.456822612087,3757.2843506493464,3228.0,2904.4156626506024,1092.7440273037544,1190.857142857143
Magarlod,6593.857674418606,3728.456822612087,3757.2843506493464,3161.0,2904.4156626506024,1092.7440273037544,1190.857142857143
Malkapur,6593.857674418606,3728.456822612087,3757.2843506493464,3771.0,2981.0,1092.7440273037544,1190.857142857143
Mauda,6593.857674418606,3728.456822612087,3757.2843506493464,3548.0,2904.4156626506024,1092.7440273037544,1190.857142857143
Narharpur,6593.857674418606,3728.456822612087,3757.2843506493464,3540.0,2775.0,1092.7440273037544,1190.857142857143
Pa ala,6593.857674418606,3728.456822612087,3757.2843506493464,3054.0,2904.4156626506024,1092.7440273037544,1190.857142857143
Pakur,6593.857674418606,3728.456822612087,3757.2843506493464,3373.0,2853.0,1092.7440273037544,1190.857142857143
Pali,6593.857674418606,3728.456822612087,3757.2843506493464,3288.0,2904.4156626506024,1029.0,1190.857142857143
Phusro,6593.857674418606,3728.456822612087,3757.2843506493464,3160.0,2888.0,1092.7440273037544,1190.857142857143
Piriyapatna,6593.857674418606,3728.456822612087,3757.2843506493464,3463.0,2838.0,1092.7440273037544,1190.857142857143
Rajgarh,6593.857674418606,3728.456822612087,3757.2843506493464,3460.0,2904.4156626506024,1092.7440273037544,1190.857142857143
Sahaspur-Lohara,6593.857674418606,3728.456822612087,3757.2843506493464,3398.0,2904.4156626506024,1092.7440273037544,1190.857142857143
Saraipali,6593.857674418606,3728.456822612087,3757.2843506493464,3276.0,2951.0,1092.7440273037544,1190.857142857143
Siddipet,6593.857674418606,3728.456822612087,3757.2843506493464,3170.0,3060.0,1461.0,1190.857142857143
Sitapur,6593.857674418606,3728.456822612087,3757.2843506493464,3191.0,2904.4156626506024,526.0,1190.857142857143
Tifra,6593.857674418606,3728.456822612087,3757.2843506493464,3133.0,2843.0,1092.7440273037544,1190.857142857143
Tirupa,6593.857674418606,3728.456822612087,3757.2843506493464,4025.0,2904.4156626506024,1092.7440273037544,1190.857142857143
Udaipur,6593.857674418606,3728.456822612087,3757.2843506493464,3382.0597014925374,2623.0,764.0,1190.857142857143
